theta_analytic,Cp_analytic,theta_panel,Cp_panel
0.000000,0.750000,0.008727,0.732223
0.017453,0.713877,0.026180,0.694884
0.034907,0.675329,0.043633,0.655128
0.052360,0.634372,0.061087,0.612972
0.069813,0.591023,0.078540,0.568433
0.087266,0.545304,0.095993,0.521537
0.104720,0.497238,0.113446,0.472306
0.122173,0.446853,0.130900,0.420770
0.139626,0.394177,0.148353,0.366960
0.157080,0.339244,0.165806,0.310910
0.174533,0.282089,0.183260,0.252657
0.191986,0.222750,0.200713,0.192240
0.209440,0.161268,0.218166,0.129701
0.226893,0.097686,0.235619,0.065086
0.244346,0.032051,0.253073,-0.001559
0.261799,-0.035587,0.270526,-0.070182
0.279253,-0.105179,0.287979,-0.140730
0.296706,-0.176668,0.305433,-0.213149
0.314159,-0.250000,0.322886,-0.287381
0.331613,-0.325115,0.340339,-0.363366
0.349066,-0.401951,0.357792,-0.441041
0.366519,-0.480446,0.375246,-0.520342
0.383972,-0.560534,0.392699,-0.601201
0.401426,-0.642146,0.410152,-0.683551
0.418879,-0.725212,0.427606,-0.767319
0.436332,-0.809661,0.445059,-0.852433
0.453786,-0.895419,0.462512,-0.938819
0.471239,-0.982410,0.479966,-1.026399
0.488692,-1.070557,0.497419,-1.115095
0.506145,-1.159781,0.514872,-1.204828
0.523599,-1.250000,0.532325,-1.295515
0.541052,-1.341133,0.549779,-1.387075
0.558505,-1.433096,0.567232,-1.479423
0.575959,-1.525805,0.584685,-1.572473
0.593412,-1.619173,0.602139,-1.666139
0.610865,-1.713113,0.619592,-1.760333
0.628319,-1.807537,0.637045,-1.854967
0.645772,-1.902355,0.654498,-1.949950
0.663225,-1.997479,0.671952,-2.045194
0.680678,-2.092817,0.689405,-2.140606
0.698132,-2.188279,0.706858,-2.236096
0.715585,-2.283772,0.724312,-2.331571
0.733038,-2.379204,0.741765,-2.426939
0.750492,-2.474484,0.759218,-2.522109
0.767945,-2.569518,0.776672,-2.616986
0.785398,-2.664214,0.794125,-2.711479
0.802851,-2.758479,0.811578,-2.805495
0.820305,-2.852220,0.829031,-2.898941
0.837758,-2.945347,0.846485,-2.991726
0.855211,-3.037765,0.863938,-3.083758
0.872665,-3.129385,0.881391,-3.174945
0.890118,-3.220115,0.898845,-3.265197
0.907571,-3.309865,0.916298,-3.354424
0.925025,-3.398546,0.933751,-3.442537
0.942478,-3.486068,0.951204,-3.529448
0.959931,-3.572344,0.968658,-3.615070
0.977384,-3.657288,0.986111,-3.699316
0.994838,-3.740814,1.003564,-3.782103
1.012291,-3.822838,1.021018,-3.863345
1.029744,-3.903278,1.038471,-3.942962
1.047198,-3.982051,1.055924,-4.020873
1.064651,-4.059078,1.073377,-4.096998
1.082104,-4.134281,1.090831,-4.171261
1.099557,-4.207584,1.108284,-4.243586
1.117011,-4.278911,1.125737,-4.313899
1.134464,-4.348191,1.143191,-4.382129
1.151917,-4.415352,1.160644,-4.448206
1.169371,-4.480326,1.178097,-4.512062
1.186824,-4.543047,1.195551,-4.573632
1.204277,-4.603451,1.213004,-4.632854
1.221730,-4.661474,1.230457,-4.689666
1.239184,-4.717059,1.247910,-4.744010
1.256637,-4.770147,1.265364,-4.795830
1.274090,-4.820685,1.282817,-4.845073
1.291544,-4.868620,1.300270,-4.891688
1.308997,-4.913902,1.317724,-4.935627
1.326450,-4.956487,1.335177,-4.976846
1.343904,-4.996328,1.352630,-5.015301
1.361357,-5.033386,1.370083,-5.050953
1.378810,-5.067622,1.387537,-5.083765
1.396263,-5.099001,1.404990,-5.113703
1.413717,-5.127490,1.422443,-5.140736
1.431170,-5.153060,1.439897,-5.164836
1.448623,-5.175684,1.457350,-5.185979
1.466077,-5.195339,1.474803,-5.204142
1.483530,-5.212005,1.492257,-5.219306
1.500983,-5.225664,1.509710,-5.231457
1.518436,-5.236303,1.527163,-5.240581
1.535890,-5.243910,1.544616,-5.246669
1.553343,-5.248477,1.562070,-5.249714
1.570796,-5.250000,1.579523,-5.249714
1.588250,-5.248477,1.596976,-5.246669
1.605703,-5.243910,1.614430,-5.240581
1.623156,-5.236303,1.631883,-5.231457
1.640609,-5.225664,1.649336,-5.219306
1.658063,-5.212005,1.666789,-5.204142
1.675516,-5.195339,1.684243,-5.185979
1.692969,-5.175684,1.701696,-5.164836
1.710423,-5.153060,1.719149,-5.140736
1.727876,-5.127490,1.736603,-5.113703
1.745329,-5.099001,1.754056,-5.083765
1.762783,-5.067622,1.771509,-5.050953
1.780236,-5.033386,1.788962,-5.015301
1.797689,-4.996328,1.806416,-4.976846
1.815142,-4.956487,1.823869,-4.935627
1.832596,-4.913902,1.841322,-4.891688
1.850049,-4.868620,1.858776,-4.845073
1.867502,-4.820685,1.876229,-4.795830
1.884956,-4.770147,1.893682,-4.744010
1.902409,-4.717059,1.911136,-4.689666
1.919862,-4.661474,1.928589,-4.632854
1.937315,-4.603451,1.946042,-4.573632
1.954769,-4.543047,1.963495,-4.512062
1.972222,-4.480326,1.980949,-4.448206
1.989675,-4.415352,1.998402,-4.382129
2.007129,-4.348191,2.015855,-4.313899
2.024582,-4.278911,2.033309,-4.243586
2.042035,-4.207584,2.050762,-4.171261
2.059489,-4.134281,2.068215,-4.096998
2.076942,-4.059078,2.085668,-4.020873
2.094395,-3.982051,2.103122,-3.942962
2.111848,-3.903278,2.120575,-3.863345
2.129302,-3.822838,2.138028,-3.782103
2.146755,-3.740814,2.155482,-3.699316
2.164208,-3.657288,2.172935,-3.615070
2.181662,-3.572344,2.190388,-3.529448
2.199115,-3.486068,2.207842,-3.442537
2.216568,-3.398546,2.225295,-3.354424
2.234021,-3.309865,2.242748,-3.265197
2.251475,-3.220115,2.260201,-3.174945
2.268928,-3.129385,2.277655,-3.083758
2.286381,-3.037765,2.295108,-2.991726
2.303835,-2.945347,2.312561,-2.898941
2.321288,-2.852220,2.330015,-2.805495
2.338741,-2.758479,2.347468,-2.711479
2.356194,-2.664214,2.364921,-2.616986
2.373648,-2.569518,2.382374,-2.522109
2.391101,-2.474484,2.399828,-2.426939
2.408554,-2.379204,2.417281,-2.331571
2.426008,-2.283772,2.434734,-2.236096
2.443461,-2.188279,2.452188,-2.140606
2.460914,-2.092817,2.469641,-2.045194
2.478368,-1.997479,2.487094,-1.949950
2.495821,-1.902355,2.504547,-1.854967
2.513274,-1.807537,2.522001,-1.760333
2.530727,-1.713113,2.539454,-1.666139
2.548181,-1.619173,2.556907,-1.572473
2.565634,-1.525805,2.574361,-1.479423
2.583087,-1.433096,2.591814,-1.387075
2.600541,-1.341133,2.609267,-1.295515
2.617994,-1.250000,2.626721,-1.204828
2.635447,-1.159781,2.644174,-1.115095
2.652900,-1.070557,2.661627,-1.026399
2.670354,-0.982410,2.679080,-0.938819
2.687807,-0.895419,2.696534,-0.852433
2.705260,-0.809661,2.713987,-0.767319
2.722714,-0.725212,2.731440,-0.683551
2.740167,-0.642146,2.748894,-0.601201
2.757620,-0.560534,2.766347,-0.520342
2.775074,-0.480446,2.783800,-0.441041
2.792527,-0.401951,2.801253,-0.363366
2.809980,-0.325115,2.818707,-0.287381
2.827433,-0.250000,2.836160,-0.213149
2.844887,-0.176668,2.853613,-0.140730
2.862340,-0.105179,2.871067,-0.070182
2.879793,-0.035587,2.888520,-0.001559
2.897247,0.032051,2.905973,0.065086
2.914700,0.097686,2.923426,0.129701
2.932153,0.161268,2.940880,0.192240
2.949606,0.222750,2.958333,0.252657
2.967060,0.282089,2.975786,0.310910
2.984513,0.339244,2.993240,0.366960
3.001966,0.394177,3.010693,0.420770
3.019420,0.446853,3.028146,0.472306
3.036873,0.497238,3.045600,0.521537
3.054326,0.545304,3.063053,0.568433
3.071779,0.591023,3.080506,0.612972
3.089233,0.634372,3.097959,0.655128
3.106686,0.675329,3.115413,0.694884
3.124139,0.713877,3.132866,0.732223
3.141593,0.750000,-3.132866,0.767130
3.159046,0.783686,-3.115413,0.799596
3.176499,0.814927,-3.097959,0.829612
3.193953,0.843716,-3.080506,0.857175
3.211406,0.870049,-3.063053,0.882282
3.228859,0.893927,-3.045600,0.904934
3.246312,0.915352,-3.028146,0.925136
3.263766,0.934330,-3.010693,0.942895
3.281219,0.950870,-2.993240,0.958221
3.298672,0.964982,-2.975786,0.971126
3.316126,0.976682,-2.958333,0.981627
3.333579,0.985986,-2.940880,0.989742
3.351032,0.992914,-2.923426,0.995492
3.368485,0.997490,-2.905973,0.998903
3.385939,0.999739,-2.888520,0.999999
3.403392,0.999689,-2.871067,0.998813
3.420845,0.997371,-2.853613,0.995374
3.438299,0.992819,-2.836160,0.989720
3.455752,0.986068,-2.818707,0.981885
3.473205,0.977158,-2.801253,0.971912
3.490659,0.966129,-2.783800,0.959842
3.508112,0.953026,-2.766347,0.945719
3.525565,0.937893,-2.748894,0.929591
3.543018,0.920779,-2.731440,0.911506
3.560472,0.901734,-2.713987,0.891517
3.577925,0.880812,-2.696534,0.869677
3.595378,0.858065,-2.679080,0.846041
3.612832,0.833552,-2.661627,0.820666
3.630285,0.807329,-2.644174,0.793613
3.647738,0.779458,-2.626721,0.764942
3.665191,0.750000,-2.609267,0.734716
3.682645,0.719019,-2.591814,0.702999
3.700098,0.686581,-2.574361,0.669858
3.717551,0.652751,-2.556907,0.635359
3.735005,0.617599,-2.539454,0.599572
3.752458,0.581193,-2.522001,0.562567
3.769911,0.543604,-2.504547,0.524415
3.787364,0.504905,-2.487094,0.485188
3.804818,0.465167,-2.469641,0.444960
3.822271,0.424464,-2.452188,0.403804
3.839724,0.382872,-2.434734,0.361795
3.857178,0.340464,-2.417281,0.319010
3.874631,0.297318,-2.399828,0.275524
3.892084,0.253510,-2.382374,0.231414
3.909538,0.209116,-2.364921,0.186758
3.926991,0.164214,-2.347468,0.141631
3.944444,0.118881,-2.330015,0.096113
3.961897,0.073194,-2.312561,0.050280
3.979351,0.027233,-2.295108,0.004211
3.996804,-0.018927,-2.277655,-0.042018
4.014257,-0.065207,-2.260201,-0.088329
4.031711,-0.111531,-2.242748,-0.134645
4.049164,-0.157822,-2.225295,-0.180890
4.066617,-0.204004,-2.207842,-0.226988
4.084070,-0.250000,-2.190388,-0.272862
4.101524,-0.295736,-2.172935,-0.318440
4.118977,-0.341138,-2.155482,-0.363646
4.136430,-0.386132,-2.138028,-0.408408
4.153884,-0.430646,-2.120575,-0.452655
4.171337,-0.474609,-2.103122,-0.496314
4.188790,-0.517949,-2.085668,-0.539318
4.206243,-0.560599,-2.068215,-0.581596
4.223697,-0.602491,-2.050762,-0.623083
4.241150,-0.643557,-2.033309,-0.663712
4.258603,-0.683735,-2.015855,-0.703421
4.276057,-0.722960,-1.998402,-0.742145
4.293510,-0.761170,-1.980949,-0.779826
4.310963,-0.798307,-1.963495,-0.816403
4.328417,-0.834312,-1.946042,-0.851820
4.345870,-0.869129,-1.928589,-0.886022
4.363323,-0.902704,-1.911136,-0.918956
4.380776,-0.934984,-1.893682,-0.950571
4.398230,-0.965921,-1.876229,-0.980817
4.415683,-0.995466,-1.858776,-1.009648
4.433136,-1.023573,-1.841322,-1.037019
4.450590,-1.050199,-1.823869,-1.062889
4.468043,-1.075304,-1.806416,-1.087218
4.485496,-1.098848,-1.788962,-1.109968
4.502949,-1.120796,-1.771509,-1.131105
4.520403,-1.141113,-1.754056,-1.150595
4.537856,-1.159770,-1.736603,-1.168410
4.555309,-1.176736,-1.719149,-1.184522
4.572763,-1.191987,-1.701696,-1.198905
4.590216,-1.205499,-1.684243,-1.211540
4.607669,-1.217251,-1.666789,-1.222405
4.625123,-1.227226,-1.649336,-1.231485
4.642576,-1.235408,-1.631883,-1.238766
4.660029,-1.241785,-1.614430,-1.244236
4.677482,-1.246346,-1.596976,-1.247887
4.694936,-1.249086,-1.579523,-1.249714
4.712389,-1.250000,-1.562070,-1.249714
4.729842,-1.249086,-1.544616,-1.247887
4.747296,-1.246346,-1.527163,-1.244236
4.764749,-1.241785,-1.509710,-1.238766
4.782202,-1.235408,-1.492257,-1.231485
4.799655,-1.227226,-1.474803,-1.222405
4.817109,-1.217251,-1.457350,-1.211540
4.834562,-1.205499,-1.439897,-1.198905
4.852015,-1.191987,-1.422443,-1.184522
4.869469,-1.176736,-1.404990,-1.168410
4.886922,-1.159770,-1.387537,-1.150595
4.904375,-1.141113,-1.370083,-1.131105
4.921828,-1.120796,-1.352630,-1.109968
4.939282,-1.098848,-1.335177,-1.087218
4.956735,-1.075304,-1.317724,-1.062889
4.974188,-1.050199,-1.300270,-1.037019
4.991642,-1.023573,-1.282817,-1.009648
5.009095,-0.995466,-1.265364,-0.980817
5.026548,-0.965921,-1.247910,-0.950571
5.044002,-0.934984,-1.230457,-0.918956
5.061455,-0.902704,-1.213004,-0.886022
5.078908,-0.869129,-1.195551,-0.851820
5.096361,-0.834312,-1.178097,-0.816403
5.113815,-0.798307,-1.160644,-0.779826
5.131268,-0.761170,-1.143191,-0.742145
5.148721,-0.722960,-1.125737,-0.703421
5.166175,-0.683735,-1.108284,-0.663712
5.183628,-0.643557,-1.090831,-0.623083
5.201081,-0.602491,-1.073377,-0.581596
5.218534,-0.560599,-1.055924,-0.539318
5.235988,-0.517949,-1.038471,-0.496314
5.253441,-0.474609,-1.021018,-0.452655
5.270894,-0.430646,-1.003564,-0.408408
5.288348,-0.386132,-0.986111,-0.363646
5.305801,-0.341138,-0.968658,-0.318440
5.323254,-0.295736,-0.951204,-0.272862
5.340708,-0.250000,-0.933751,-0.226988
5.358161,-0.204004,-0.916298,-0.180890
5.375614,-0.157822,-0.898845,-0.134645
5.393067,-0.111531,-0.881391,-0.088329
5.410521,-0.065207,-0.863938,-0.042018
5.427974,-0.018927,-0.846485,0.004211
5.445427,0.027233,-0.829031,0.050280
5.462881,0.073194,-0.811578,0.096113
5.480334,0.118881,-0.794125,0.141631
5.497787,0.164214,-0.776672,0.186758
5.515240,0.209116,-0.759218,0.231414
5.532694,0.253510,-0.741765,0.275524
5.550147,0.297318,-0.724312,0.319010
5.567600,0.340464,-0.706858,0.361795
5.585054,0.382872,-0.689405,0.403804
5.602507,0.424464,-0.671952,0.444960
5.619960,0.465167,-0.654498,0.485188
5.637413,0.504905,-0.637045,0.524415
5.654867,0.543604,-0.619592,0.562567
5.672320,0.581193,-0.602139,0.599572
5.689773,0.617599,-0.584685,0.635359
5.707227,0.652751,-0.567232,0.669858
5.724680,0.686581,-0.549779,0.702999
5.742133,0.719019,-0.532325,0.734716
5.759587,0.750000,-0.514872,0.764942
5.777040,0.779458,-0.497419,0.793613
5.794493,0.807329,-0.479966,0.820666
5.811946,0.833552,-0.462512,0.846041
5.829400,0.858065,-0.445059,0.869677
5.846853,0.880812,-0.427606,0.891517
5.864306,0.901734,-0.410152,0.911506
5.881760,0.920779,-0.392699,0.929591
5.899213,0.937893,-0.375246,0.945719
5.916666,0.953026,-0.357792,0.959842
5.934119,0.966129,-0.340339,0.971912
5.951573,0.977158,-0.322886,0.981885
5.969026,0.986068,-0.305433,0.989720
5.986479,0.992819,-0.287979,0.995374
6.003933,0.997371,-0.270526,0.998813
6.021386,0.999689,-0.253073,0.999999
6.038839,0.999739,-0.235619,0.998903
6.056293,0.997490,-0.218166,0.995492
6.073746,0.992914,-0.200713,0.989742
6.091199,0.985986,-0.183260,0.981627
6.108652,0.976682,-0.165806,0.971126
6.126106,0.964982,-0.148353,0.958221
6.143559,0.950870,-0.130900,0.942895
6.161012,0.934330,-0.113446,0.925136
6.178466,0.915352,-0.095993,0.904934
6.195919,0.893927,-0.078540,0.882282
6.213372,0.870049,-0.061087,0.857175
6.230825,0.843716,-0.043633,0.829612
6.248279,0.814927,-0.026180,0.799596
6.265732,0.783686,-0.008727,0.767130
