t_LU,Fx_pressure,Fx_viscous,CT,CP,CF_meas,umax,wave,niter
0.00260,2.087986e+04,2.164625e+01,2.594734e-01,2.592047e-01,2.687188e-04,1.2873,-0.300,50
0.00808,1.235751e+03,2.142789e+01,1.560674e-02,1.534074e-02,2.660080e-04,1.3007,-0.300,50
0.01273,8.341900e+02,2.080350e+01,1.061398e-02,1.035572e-02,2.582568e-04,1.3168,-0.300,50
0.02194,4.586548e+02,1.956810e+01,5.936709e-03,5.693789e-03,2.429204e-04,1.2985,-1.300,40
0.04440,3.341964e+02,1.750235e+01,4.366024e-03,4.148748e-03,2.172760e-04,1.3001,-1.300,2
0.06695,3.887535e+02,1.624025e+01,5.027635e-03,4.826026e-03,2.016081e-04,1.2930,1.700,2
0.08936,4.483357e+02,1.526703e+01,5.755213e-03,5.565686e-03,1.895265e-04,1.2840,1.700,2
0.11172,4.957820e+02,1.446964e+01,6.334317e-03,6.154689e-03,1.796276e-04,1.2755,-2.300,2
0.13404,5.316987e+02,1.371194e+01,6.770785e-03,6.600563e-03,1.702215e-04,1.3108,2.700,2
0.15640,5.523992e+02,1.300477e+01,7.018983e-03,6.857541e-03,1.614426e-04,1.3873,2.700,2
0.17864,5.738835e+02,1.238932e+01,7.278051e-03,7.124249e-03,1.538024e-04,1.4396,2.700,3
0.20087,6.019845e+02,1.185752e+01,7.620298e-03,7.473098e-03,1.472005e-04,1.4538,3.700,3
0.22294,6.340129e+02,1.141300e+01,8.012384e-03,7.870702e-03,1.416821e-04,1.4556,3.700,3
0.24477,6.667507e+02,1.104165e+01,8.414184e-03,8.277112e-03,1.370722e-04,1.4564,3.700,3
0.26627,7.019725e+02,1.074832e+01,8.847790e-03,8.714360e-03,1.334308e-04,1.4700,3.700,3
0.28779,7.426746e+02,1.054682e+01,9.350569e-03,9.219640e-03,1.309293e-04,1.4791,4.700,3
0.30907,7.865253e+02,1.041945e+01,9.893355e-03,9.764007e-03,1.293481e-04,1.4689,4.700,3
0.33036,8.326378e+02,1.029191e+01,1.046422e-02,1.033645e-02,1.277648e-04,1.4647,4.700,3
0.35213,8.816276e+02,1.011131e+01,1.107014e-02,1.094462e-02,1.255229e-04,1.4733,5.700,2
0.37421,9.314984e+02,9.892569e+00,1.168652e-02,1.156372e-02,1.228074e-04,1.4880,5.700,2
0.39622,9.795776e+02,9.661766e+00,1.228052e-02,1.216058e-02,1.199422e-04,1.5042,5.700,2
0.41819,1.024110e+03,9.437706e+00,1.283056e-02,1.271340e-02,1.171607e-04,1.5170,5.700,2
0.44028,1.068582e+03,9.236301e+00,1.338014e-02,1.326548e-02,1.146604e-04,1.5154,5.700,2
0.46217,1.114458e+03,9.070788e+00,1.394761e-02,1.383500e-02,1.126057e-04,1.4930,5.700,2
0.48347,1.159768e+03,8.936055e+00,1.450841e-02,1.439748e-02,1.109331e-04,1.5109,4.700,2
0.50436,1.207529e+03,8.831287e+00,1.510003e-02,1.499039e-02,1.096325e-04,1.5364,4.700,3
0.52466,1.252071e+03,8.753719e+00,1.565201e-02,1.554334e-02,1.086696e-04,1.5591,4.700,3
0.54471,1.292489e+03,8.708676e+00,1.615320e-02,1.604509e-02,1.081104e-04,1.5973,3.700,3
0.56414,1.322919e+03,8.673069e+00,1.653052e-02,1.642285e-02,1.076684e-04,1.6087,3.700,3
0.58283,1.307255e+03,8.648075e+00,1.633576e-02,1.622840e-02,1.073581e-04,1.6055,3.700,3
0.60114,1.220378e+03,8.637589e+00,1.525713e-02,1.514990e-02,1.072279e-04,1.6039,3.700,3
0.62004,1.104950e+03,8.629786e+00,1.382410e-02,1.371697e-02,1.071311e-04,1.6195,3.700,3
0.63877,9.843462e+02,8.628019e+00,1.232688e-02,1.221978e-02,1.071091e-04,1.6324,3.700,3
0.65768,8.762321e+02,8.616997e+00,1.098461e-02,1.087764e-02,1.069723e-04,1.6303,3.700,3
0.67632,7.837538e+02,8.624497e+00,9.836666e-03,9.729601e-03,1.070654e-04,1.6315,2.700,3
0.69539,7.116912e+02,8.617405e+00,8.941986e-03,8.835008e-03,1.069774e-04,1.6492,2.700,3
0.71484,6.364205e+02,8.626346e+00,8.007679e-03,7.900591e-03,1.070884e-04,1.6596,2.700,3
0.73440,5.685235e+02,8.633259e+00,7.164884e-03,7.057709e-03,1.071742e-04,1.6921,2.700,3
0.75407,5.035449e+02,8.649513e+00,6.358435e-03,6.251059e-03,1.073760e-04,1.6960,2.700,3
0.77390,4.473780e+02,8.676033e+00,5.661502e-03,5.553797e-03,1.077052e-04,1.6959,1.700,3
0.79391,3.953460e+02,8.694402e+00,5.015799e-03,4.907866e-03,1.079332e-04,1.6907,1.700,3
0.81409,3.424046e+02,8.714678e+00,4.358831e-03,4.250646e-03,1.081849e-04,1.6812,1.700,3
0.83460,2.828574e+02,8.718921e+00,3.619659e-03,3.511421e-03,1.082376e-04,1.6661,1.700,3
0.85535,2.289290e+02,8.763286e+00,2.950736e-03,2.841948e-03,1.087883e-04,1.6556,1.700,3
0.87629,1.759440e+02,8.794683e+00,2.293365e-03,2.184187e-03,1.091781e-04,1.6444,1.700,3
0.89753,1.178526e+02,8.799134e+00,1.572268e-03,1.463034e-03,1.092334e-04,1.6329,-1.300,3
0.91891,6.600397e+01,8.827354e+00,9.289638e-04,8.193801e-04,1.095837e-04,1.6237,-1.300,3
0.94037,2.620467e+01,8.867972e+00,4.353954e-04,3.253075e-04,1.100879e-04,1.6124,-1.300,3
0.96190,-7.716198e-01,8.899620e+00,1.009018e-04,-9.578968e-06,1.104808e-04,1.5945,-1.300,3
0.98364,-1.962333e+01,8.924292e+00,-1.328189e-04,-2.436060e-04,1.107871e-04,1.5701,-1.300,2
1.00563,-3.275053e+01,8.944891e+00,-2.955257e-04,-4.065685e-04,1.110428e-04,1.5519,-1.300,2
1.02787,-4.101866e+01,8.964920e+00,-3.979185e-04,-5.092099e-04,1.112914e-04,1.5317,-1.300,2
1.05034,-4.441810e+01,8.995770e+00,-4.397364e-04,-5.514108e-04,1.116744e-04,1.5196,-1.300,2
1.07313,-4.336497e+01,9.032952e+00,-4.262012e-04,-5.383372e-04,1.121360e-04,1.5007,-1.300,2
1.09612,-3.852256e+01,9.062940e+00,-3.657148e-04,-4.782231e-04,1.125083e-04,1.4825,-1.300,2
1.11931,-3.028437e+01,9.084375e+00,-2.631789e-04,-3.759533e-04,1.127744e-04,1.4723,-1.300,2
1.14270,-1.783375e+01,9.098682e+00,-1.084381e-04,-2.213901e-04,1.129520e-04,1.4641,-1.300,2
1.16644,-2.910077e+00,9.100421e+00,7.684757e-05,-3.612600e-05,1.129736e-04,1.4563,-1.300,2
1.19042,1.332097e+01,9.092936e+00,2.782486e-04,1.653679e-04,1.128807e-04,1.4535,-1.300,2
1.21454,3.237346e+01,9.085835e+00,5.146800e-04,4.018875e-04,1.127925e-04,1.4499,-1.300,2
1.23876,5.364139e+01,9.087761e+00,7.787262e-04,6.659098e-04,1.128164e-04,1.4468,-1.300,2
1.26313,7.603478e+01,9.089699e+00,1.056744e-03,9.439036e-04,1.128405e-04,1.4466,-1.300,2
1.28752,9.810646e+01,9.077610e+00,1.330594e-03,1.217904e-03,1.126904e-04,1.4430,-1.300,2
1.31191,1.180914e+02,9.050960e+00,1.578359e-03,1.465999e-03,1.123596e-04,1.4449,-1.300,2
1.33638,1.361060e+02,9.017293e+00,1.801576e-03,1.689634e-03,1.119416e-04,1.4433,-1.300,3
1.36064,1.519971e+02,8.979478e+00,1.998380e-03,1.886908e-03,1.114722e-04,1.4460,-1.300,3
1.38430,1.661887e+02,8.936854e+00,2.174027e-03,2.063084e-03,1.109430e-04,1.4472,-1.300,3
1.40734,1.773066e+02,8.888912e+00,2.311450e-03,2.201102e-03,1.103479e-04,1.4557,-1.300,3
1.43014,1.870017e+02,8.835367e+00,2.431142e-03,2.321459e-03,1.096832e-04,1.4599,-1.300,3
1.45277,1.957173e+02,8.771170e+00,2.538541e-03,2.429655e-03,1.088862e-04,1.4609,-1.300,3
1.47527,2.022563e+02,8.702220e+00,2.618861e-03,2.510831e-03,1.080303e-04,1.4614,-1.300,3
1.49765,2.052145e+02,8.633657e+00,2.654733e-03,2.547554e-03,1.071791e-04,1.4678,-1.300,3
1.51996,2.052179e+02,8.567858e+00,2.653959e-03,2.547597e-03,1.063623e-04,1.4690,-1.300,3
1.54230,2.029871e+02,8.505372e+00,2.625490e-03,2.519903e-03,1.055866e-04,1.4681,-1.300,3
1.56470,1.997023e+02,8.445756e+00,2.583972e-03,2.479126e-03,1.048465e-04,1.4644,-1.300,3
1.58722,1.956678e+02,8.387178e+00,2.533159e-03,2.429040e-03,1.041193e-04,1.4583,-1.300,3
1.60998,1.917872e+02,8.331196e+00,2.484290e-03,2.380866e-03,1.034243e-04,1.4508,-1.300,3
1.63289,1.898030e+02,8.277044e+00,2.458987e-03,2.356235e-03,1.027521e-04,1.4459,-1.300,3
1.65594,1.894869e+02,8.224553e+00,2.454411e-03,2.352310e-03,1.021005e-04,1.4409,-1.300,3
1.67921,1.916255e+02,8.173523e+00,2.480326e-03,2.378859e-03,1.014670e-04,1.4334,-1.300,3
1.70271,1.963366e+02,8.124325e+00,2.538200e-03,2.437343e-03,1.008562e-04,1.4341,-1.300,3
1.72641,2.046183e+02,8.076438e+00,2.640414e-03,2.540152e-03,1.002617e-04,1.4343,-1.300,3
1.75036,2.163603e+02,8.030147e+00,2.785606e-03,2.685919e-03,9.968708e-05,1.4331,-1.300,3
1.77436,2.316742e+02,7.985388e+00,2.975159e-03,2.876028e-03,9.913144e-05,1.4316,-1.300,3
1.79830,2.491647e+02,7.942700e+00,3.191758e-03,3.093156e-03,9.860150e-05,1.4299,-1.300,3
1.82227,2.700258e+02,7.902684e+00,3.450233e-03,3.352128e-03,9.810474e-05,1.4287,-1.300,3
1.84626,2.937341e+02,7.865161e+00,3.744085e-03,3.646446e-03,9.763893e-05,1.4268,-1.300,3
1.87040,3.189065e+02,7.830212e+00,4.056143e-03,3.958938e-03,9.720506e-05,1.4246,-1.300,3
1.89464,3.453281e+02,7.797102e+00,4.383733e-03,4.286939e-03,9.679403e-05,1.4222,-1.300,3
1.91884,3.726529e+02,7.764542e+00,4.722542e-03,4.626152e-03,9.638983e-05,1.4203,-1.300,3
1.94295,4.018705e+02,7.733003e+00,5.084860e-03,4.988862e-03,9.599831e-05,1.4196,-1.300,3
1.96692,4.325249e+02,7.703490e+00,5.465041e-03,5.369409e-03,9.563192e-05,1.4210,-1.300,3
1.99077,4.638779e+02,7.676614e+00,5.853927e-03,5.758629e-03,9.529828e-05,1.4245,-1.300,3
2.01453,4.958235e+02,7.653083e+00,6.250210e-03,6.155204e-03,9.500617e-05,1.4275,-1.300,3
2.03820,5.273966e+02,7.634169e+00,6.641927e-03,6.547156e-03,9.477136e-05,1.4304,-1.300,3
2.06181,5.553207e+02,7.619191e+00,6.988395e-03,6.893809e-03,9.458543e-05,1.4338,-1.300,3
2.08535,5.788851e+02,7.606572e+00,7.280768e-03,7.186339e-03,9.442877e-05,1.4375,-1.300,3
2.10879,5.975293e+02,7.595258e+00,7.512079e-03,7.417791e-03,9.428832e-05,1.4410,-1.300,3
2.13215,6.098805e+02,7.585318e+00,7.665285e-03,7.571120e-03,9.416492e-05,1.4445,-1.300,3
2.15540,6.162235e+02,7.576502e+00,7.743918e-03,7.649863e-03,9.405548e-05,1.4470,-1.300,3
2.17855,6.154476e+02,7.568915e+00,7.734192e-03,7.640230e-03,9.396129e-05,1.4486,-1.300,2
2.20157,6.070241e+02,7.562166e+00,7.629537e-03,7.535660e-03,9.387751e-05,1.4522,-1.300,2
2.22446,5.907075e+02,7.556597e+00,7.426913e-03,7.333105e-03,9.380838e-05,1.4569,-1.300,2
2.24724,5.667125e+02,7.552496e+00,7.128985e-03,7.035228e-03,9.375747e-05,1.4612,-1.300,2
2.26986,5.354445e+02,7.549570e+00,6.740785e-03,6.647064e-03,9.372115e-05,1.4643,-1.300,2
2.29240,4.977953e+02,7.547935e+00,6.273384e-03,6.179683e-03,9.370085e-05,1.4674,-1.300,2
2.31484,4.548050e+02,7.547719e+00,5.739695e-03,5.645997e-03,9.369816e-05,1.4682,-1.300,2
2.33717,4.072309e+02,7.548578e+00,5.149115e-03,5.055406e-03,9.370883e-05,1.4674,-1.300,2
2.35949,3.560543e+02,7.549630e+00,4.513817e-03,4.420095e-03,9.372188e-05,1.4673,-1.300,2
2.38184,3.026674e+02,7.550204e+00,3.851073e-03,3.757344e-03,9.372902e-05,1.4673,-1.300,2
2.40416,2.487879e+02,7.550005e+00,3.182205e-03,3.088479e-03,9.372655e-05,1.4684,-1.300,2
2.42645,1.955018e+02,7.550264e+00,2.520709e-03,2.426979e-03,9.372976e-05,1.4665,-1.300,2
2.44878,1.439635e+02,7.551305e+00,1.880921e-03,1.787178e-03,9.374268e-05,1.4657,-1.300,2
2.47118,9.607991e+01,7.553279e+00,1.286513e-03,1.192746e-03,9.376719e-05,1.4651,-1.300,2
2.49366,5.225588e+01,7.555785e+00,7.425082e-04,6.487099e-04,9.379830e-05,1.4657,-1.300,2
2.51618,1.331862e+01,7.558466e+00,2.591703e-04,1.653387e-04,9.383158e-05,1.4651,-1.300,2
2.53876,-1.953972e+01,7.560485e+00,-1.487114e-04,-2.425681e-04,9.385664e-05,1.4643,-1.300,2
2.56141,-4.591754e+01,7.560343e+00,-4.761703e-04,-5.700251e-04,9.385489e-05,1.4626,-1.300,2
2.58414,-6.560414e+01,7.558022e+00,-7.205906e-04,-8.144166e-04,9.382606e-05,1.4588,-1.300,2
2.60695,-7.820714e+01,7.553632e+00,-8.771000e-04,-9.708716e-04,9.377157e-05,1.4542,-1.300,2
2.62986,-8.273710e+01,7.548885e+00,-9.333943e-04,-1.027107e-03,9.371264e-05,1.4502,-1.300,2
2.65287,-7.901707e+01,7.544286e+00,-8.872706e-04,-9.809262e-04,9.365555e-05,1.4474,-1.300,2
2.67598,-6.755378e+01,7.539435e+00,-7.450243e-04,-8.386196e-04,9.359533e-05,1.4454,-1.300,2
2.69922,-4.933025e+01,7.534082e+00,-5.188620e-04,-6.123909e-04,9.352887e-05,1.4443,-1.300,2
2.72257,-2.508330e+01,7.528863e+00,-2.179226e-04,-3.113867e-04,9.346409e-05,1.4420,-1.300,2
2.74609,4.423149e+00,7.522492e+00,1.482944e-04,5.490943e-05,9.338499e-05,1.4407,-1.300,2
2.76971,3.852407e+01,7.514683e+00,5.715299e-04,4.782418e-04,9.328805e-05,1.4384,-1.300,2
2.79346,7.587200e+01,7.507651e+00,1.035084e-03,9.418829e-04,9.320076e-05,1.4329,-1.300,2
2.81749,1.171541e+02,7.502993e+00,1.547506e-03,1.454363e-03,9.314293e-05,1.4300,-1.300,2
2.84168,1.607742e+02,7.497105e+00,2.088937e-03,1.995867e-03,9.306984e-05,1.4273,-1.300,2
2.86592,2.054357e+02,7.489625e+00,2.643277e-03,2.550300e-03,9.297698e-05,1.4238,-1.300,2
2.89019,2.486074e+02,7.481329e+00,3.179112e-03,3.086238e-03,9.287400e-05,1.4190,-1.300,2
2.91450,2.901440e+02,7.473235e+00,3.694651e-03,3.601878e-03,9.277351e-05,1.4137,-1.300,2
2.93875,3.286931e+02,7.465235e+00,4.173105e-03,4.080431e-03,9.267421e-05,1.4090,-1.300,2
2.96291,3.642454e+02,7.458053e+00,4.614365e-03,4.521780e-03,9.258505e-05,1.4061,-1.300,2
2.98697,3.967206e+02,7.451947e+00,5.017440e-03,4.924931e-03,9.250924e-05,1.4045,-1.300,2
3.01093,4.254948e+02,7.446694e+00,5.374580e-03,5.282136e-03,9.244403e-05,1.4045,-1.300,2
3.03481,4.504437e+02,7.442412e+00,5.684246e-03,5.591855e-03,9.239088e-05,1.4055,-1.300,2
3.05855,4.709095e+02,7.438878e+00,5.938266e-03,5.845919e-03,9.234700e-05,1.4073,-1.300,2
3.08216,4.863131e+02,7.436166e+00,6.129454e-03,6.037141e-03,9.231334e-05,1.4100,-1.300,2
3.10566,4.970203e+02,7.434414e+00,6.262353e-03,6.170061e-03,9.229158e-05,1.4130,-1.300,2
3.12909,5.029513e+02,7.433970e+00,6.335976e-03,6.243690e-03,9.228607e-05,1.4163,-1.300,2
3.15249,5.050756e+02,7.434882e+00,6.362358e-03,6.270061e-03,9.229740e-05,1.4191,-1.300,2
3.17581,5.026879e+02,7.436764e+00,6.332740e-03,6.240419e-03,9.232076e-05,1.4223,-1.300,2
3.19913,4.965261e+02,7.439678e+00,6.256284e-03,6.163927e-03,9.235693e-05,1.4236,-1.300,2
3.22242,4.864896e+02,7.443467e+00,6.131736e-03,6.039332e-03,9.240397e-05,1.4258,-1.300,2
3.24562,4.732395e+02,7.447106e+00,5.967294e-03,5.874845e-03,9.244914e-05,1.4325,-1.300,2
3.26871,4.572708e+02,7.449920e+00,5.769091e-03,5.676607e-03,9.248408e-05,1.4372,-1.300,2
3.29169,4.393015e+02,7.452531e+00,5.546051e-03,5.453535e-03,9.251650e-05,1.4419,-1.300,2
3.31458,4.197744e+02,7.454665e+00,5.303666e-03,5.211123e-03,9.254299e-05,1.4460,-1.300,2
3.33743,3.994718e+02,7.456240e+00,5.051647e-03,4.959084e-03,9.256254e-05,1.4497,-1.300,2
3.36025,3.786893e+02,7.457462e+00,4.793666e-03,4.701088e-03,9.257771e-05,1.4529,-1.300,2
3.38307,3.578161e+02,7.458962e+00,4.534562e-03,4.441966e-03,9.259633e-05,1.4551,-1.300,2
3.40591,3.375580e+02,7.460872e+00,4.283100e-03,4.190480e-03,9.262004e-05,1.4567,-1.300,2
3.42873,3.183042e+02,7.463022e+00,4.044108e-03,3.951462e-03,9.264673e-05,1.4577,-1.300,2
3.45150,3.003259e+02,7.465677e+00,3.820957e-03,3.728277e-03,9.267969e-05,1.4593,-1.300,2
3.47424,2.836988e+02,7.469433e+00,3.614593e-03,3.521867e-03,9.272632e-05,1.4605,-1.300,2
3.49695,2.683872e+02,7.474365e+00,3.424574e-03,3.331786e-03,9.278755e-05,1.4612,-1.300,2
3.51963,2.545832e+02,7.479645e+00,3.253275e-03,3.160422e-03,9.285309e-05,1.4622,-1.300,2
3.54226,2.420915e+02,7.485504e+00,3.098275e-03,3.005349e-03,9.292582e-05,1.4633,-1.300,2
3.56485,2.306388e+02,7.491911e+00,2.956180e-03,2.863174e-03,9.300536e-05,1.4640,-1.300,2
3.58741,2.199854e+02,7.498699e+00,2.824011e-03,2.730921e-03,9.308963e-05,1.4645,-1.300,2
3.60993,2.104181e+02,7.505026e+00,2.705321e-03,2.612153e-03,9.316817e-05,1.4646,-1.300,2
3.63245,2.017750e+02,7.510265e+00,2.598089e-03,2.504856e-03,9.323321e-05,1.4646,-1.300,2
3.65502,1.943632e+02,7.514670e+00,2.506133e-03,2.412845e-03,9.328789e-05,1.4643,-1.300,2
3.67763,1.885082e+02,7.518926e+00,2.433501e-03,2.340160e-03,9.334072e-05,1.4636,-1.300,2
3.70026,1.839774e+02,7.522913e+00,2.377305e-03,2.283915e-03,9.339023e-05,1.4625,-1.300,2
3.72289,1.805034e+02,7.525973e+00,2.334216e-03,2.240787e-03,9.342821e-05,1.4616,-1.300,2
3.74554,1.779326e+02,7.528241e+00,2.302330e-03,2.208874e-03,9.345636e-05,1.4604,-1.300,2
3.76823,1.762193e+02,7.530143e+00,2.281085e-03,2.187605e-03,9.347998e-05,1.4586,-1.300,2
3.79099,1.755254e+02,7.531168e+00,2.272483e-03,2.178990e-03,9.349270e-05,1.4562,-1.300,2
3.81380,1.756722e+02,7.531090e+00,2.274305e-03,2.180813e-03,9.349173e-05,1.4541,-1.300,2
3.83666,1.764989e+02,7.529778e+00,2.284551e-03,2.191076e-03,9.347545e-05,1.4520,-1.300,2
3.85956,1.781644e+02,7.527480e+00,2.305199e-03,2.211752e-03,9.344692e-05,1.4501,-1.300,2
3.88249,1.806021e+02,7.524573e+00,2.335425e-03,2.242014e-03,9.341083e-05,1.4486,-1.300,2
3.90551,1.838317e+02,7.521399e+00,2.375478e-03,2.282106e-03,9.337143e-05,1.4471,-1.300,2
3.92866,1.878928e+02,7.518243e+00,2.425853e-03,2.332521e-03,9.333225e-05,1.4455,-1.300,2
3.95193,1.928793e+02,7.515342e+00,2.487720e-03,2.394423e-03,9.329624e-05,1.4438,-1.300,2
3.97527,1.993556e+02,7.512124e+00,2.568078e-03,2.474821e-03,9.325628e-05,1.4417,-1.300,2
3.99872,2.072465e+02,7.508916e+00,2.665995e-03,2.572779e-03,9.321646e-05,1.4384,-1.300,2
